位置,貿易物品,材料,總材料,備註1(技能),備註2(每一個材料的製作),每月更換
卡魯森林,木桌,鮮蝦訓練誘餌,100,料理攪拌,砂糖38%+蒜頭32%+蝦30%,FALSE
,,希里原,50,魔法製造,希里原結晶*5,FALSE
,木工藝品,魔法的羊皮紙,15,文具手工藝,"柔軟的羊皮紙*1(文具手工藝),魔力藥草*10,日光藥草*10",FALSE
,,粗繩,30,紡織(手紡車),粗線團*5,FALSE
,石馬雕像,稀原合金,20,工學,"稀原*1,鎳礦石碎片*1,鋅礦石碎片*1,方晶石礦石碎片*1,綠寶石核心*1 or 柔軟稀原礦石碎片*15",FALSE
,,麵粉,50,堤爾克納(愛麗莎),小麥*10 or 王室料理納品書 *1 跟古魯亞斯購買(塔拉王城),FALSE
,卡魯蘑菇,旋轉齒輪,8,工學,"稀原*2,六角螺絲*5,六角螺帽*5",FALSE
,,中級木柴,40,木工,木柴*3,FALSE
,,高級絲綢,32,紡織(織布機),細線團*5,FALSE
,貝殼化石,能量增幅裝置,6,工學,"綠寶石核心*3,能源轉換器*3",FALSE
,,堅固之鏈,3,紡織(手紡車),繩結線*1+蘊藏黑暗的刀刃碎片*1(影子任務寶箱),FALSE
,,魔法的羽毛筆,15,文具手工藝,"有朝氣的羽毛*1(雜貨店),魔力藥草*10,黃金藥草*10",FALSE
,搖椅,塔爾汀農場黑莓汁,3,-,塔爾汀農場 - 茉莉花 + 黑莓,TRUE
,,塔爾汀農場花花洋裝,3,-,塔爾汀農場 - 茉莉花 + 魔法蜘蛛絲,TRUE
,,塔爾汀農場強力黏著劑,3,-,塔爾汀農場 - 橡膠 + 魔法蜘蛛絲,TRUE
,太陽紋樣盾牌,塔爾汀農場香甜蛋糕,3,藥水製作,塔爾汀農場 - 紅梨 + 黑莓,TRUE
,,塔爾汀農場紅月耳環,3,紡織(手紡車),塔爾汀農場 - 石英 + 紅梨,TRUE
,,塔爾汀農場天然橡膠,3,手工藝,塔爾汀農場 - 橡膠 + 秋葵,TRUE
,木片拼圖,塔爾汀農場紅梨果醬,3,紡織(手紡車),塔爾汀農場 - 紅梨 + 秋葵,TRUE
,,塔爾汀農場紫色布料,3,紡織(手紡車),塔爾汀農場 - 黑莓 + 魔法蜘蛛絲,TRUE
,,塔爾汀農場紅月耳環,3,紡織(紡織機),塔爾汀農場 - 石英 + 紅梨,TRUE
,森林精靈音樂盒,塔爾汀農場花花洋裝,3,藥水製作,塔爾汀農場 - 茉莉花 + 石英,TRUE
,,塔爾汀農場純潔盛放髮夾,3,冶煉,塔爾汀農場 - 茉莉花 + 魔法蜘蛛絲,TRUE
,,塔爾汀農場壓花工藝盒,3,紡織(紡織機),塔爾汀農場 - 橡膠 + 魔法蜘蛛絲,TRUE
,卡魯森林樹液蠟燭,塔爾汀農場黑莓汁,3,芬恩的手工藝,塔爾汀農場 - 茉莉花 + 黑莓,TRUE
,,塔爾汀農場防水布料,3,手工藝,塔爾汀農場 - 茉莉花 + 魔法蜘蛛絲,TRUE
,,塔爾汀農場純潔盛放髮夾,3,魔法製造,塔爾汀農場 - 橡膠 + 魔法蜘蛛絲,TRUE
綠洲,細沙,強化耐力藥水(效果500),75,-,"幸運草*1,強化耐力藥水(效果300)x1,水瓶x1",FALSE
,,繩結線,50,-,細線團*1(蜘蛛)+粗線團*1(羊毛),FALSE
,牢獄鬼魂翅膀,抱枕用棉花,15,藥水製作,"高級羊毛*20(割羊取得),細線團*5",FALSE
,,優質絲綢,30,木工,細線團*6,FALSE
,綠洲圖像,優質皮繩,10,工學,優質皮革*1,FALSE
,,粗線,30,魔法製造,細線團*5,FALSE
,仙人掌花,精靈的白葡萄酒,8,魔法製造,"白色藥草*1,自然力消除*2,古代精靈的化石碎片*1(石精靈的碎石片x1+化石x2) 
石精靈的碎石片-->巴里精靈石地城 帶十字搞挖礦 通行證找->班克爾設計圖阿北",FALSE
,,銀板,16,手工藝,銀塊*1,FALSE
,,高級布料,32,手工藝,粗線團*5,FALSE
,巨型犬齒化石,寵物遊戲組合,3,工學,"寵物喜歡的雜物*1(摩格梅爾的npc購買),木板*1",FALSE
,,乾草堆,9,紡織(手紡車),"壞掉的小麥葉*20, 優質皮繩*1",FALSE
,,凝聚魔力的木柴,15,冶煉,"希里原*1(生態),稀原*1(礦山),中級木柴*1",FALSE
,紅沙漏,塔爾汀農場強化纖維,2,手工藝,塔爾汀農場 - 橡膠 + 魔法蜘蛛絲 + 秋葵,TRUE
,,塔爾汀農場黃昏魯特琴,2,魔法製造,塔爾汀農場 - 黑莓 + 茉莉花 + 紅梨,TRUE
,風之水瓶,塔爾汀農場星星造型沙拉,2,-,塔爾汀農場 - 黑莓 + 秋葵 + 紅梨,TRUE
,,塔爾汀農場晚禮服,2,-,塔爾汀農場 - 石英 + 茉莉花 + 魔法蜘蛛絲,TRUE
,遺跡探索概論,塔爾汀農場午夜珍珠漆,2,冶煉,塔爾汀農場 - 黑莓 + 橡膠 + 石英,TRUE
,,塔爾汀農場黎明之弓,2,魔法製造,塔爾汀農場 - 紅梨 + 秋葵 + 石英,TRUE
,太陽陶器,塔爾汀農場茉莉花香水,2,冶煉,塔爾汀農場 - 黑莓 + 茉莉花 + 秋葵,TRUE
,,塔爾汀農場裝飾用水晶劍,2,堤爾克納(愛麗莎),塔爾汀農場 - 秋葵 + 橡膠 + 石英,TRUE
,古代壁畫碎片,塔爾汀農場星星造型沙拉,2,藥水製作,塔爾汀農場 - 黑莓 + 秋葵 + 紅梨,TRUE
,,塔爾汀農場黃昏魯特琴,2,冶煉,塔爾汀農場 - 黑莓 + 茉莉花 + 紅梨,TRUE
凱麗達營地,麥飯石雞蛋,強化魔法藥水(效果500),25,釣魚/合成,"幸運草×1,強化魔法藥水(效果300)×1,水瓶×1",FALSE
,,高級木柴,50,紡織(紡織機),中級木柴*3,FALSE
,凱麗達鮭魚,能量轉換器,15,藥水製作,"稀原*1(礦山),希里原*1(生態)",FALSE
,,淨化的兔子腳,15,魔法製造,"希里原*1(生態),基因突變的兔子腳*1",FALSE
,溫泉入浴劑,黏黏膠水,30,芬恩的手工藝,"希里原*1(生態),基因突變植物的黏液*1",FALSE
,,優質香草蠟燭,20,木工,"高級香草蠟燭*1, 精製的催化劑*1,  高級香草蠟燭--> 迷你香草蠟燭(醫療所)*1, 蜂蠟*1",FALSE
,大型露營帳篷,人工草皮,8,-,"新鮮的草*20, 花捆*5",FALSE
,,綠寶石保險絲,8,-,綠寶石核心*1,FALSE
,,高級皮繩,40,,高級皮革*1,FALSE
,粉紅鹽,秘銀鐵釘,9,,秘銀塊*20,FALSE
,,弩炮專用浸毒瓦伊凡弩箭,9,,"木柴*1,瓦伊凡的爪子*1(熱氣球),劇毒藥水*1 ps:熱氣球星數(46~50)*5 其餘的上奇幻搜尋",FALSE
,,優質木柴,9,,高級木柴*3,FALSE
,溫泉水擴香,野莓奶油醬汁箱子,2,,"特化採集 -> 野莓×40, 布里姆牛奶×5, 紙張×20",TRUE
,,白鉛板,2,,特化冶煉 -> 白鉛礦×5 (70%) = 白鉛塊 -> 白鉛塊×10 (強化冶煉 100%) ,TRUE
,凱麗達湖畫作,月光湍流穗麥麵包箱子,2,,"特化採集 -> 月光胡蘿蔔×30, 湍流穗麥×20, 紙張×20",TRUE
,,藍銅板,2,,特化冶煉 -> 藍銅礦×5 (70%) = 藍銅塊 -> 藍銅塊×10 (強化冶煉 100%) ,TRUE
,大型吊床,炒稀有蘑菇箱子,2,,"特化採集 -> 黃裙竹蓀×25, 惡魔手指×25, 紙張×20",TRUE
,,赤鐵板,2,,特化冶煉 -> 赤鐵礦×5 (70%) = 赤鐵塊 -> 赤鐵塊×10 (強化冶煉 100%) ,TRUE
,水精靈雕像,露明糖漿,2,,"特化採集 -> 雪蓮花×25, 露明植物×25, 基礎藥草×20",TRUE
,,月光齒輪,2,,"特化工學 -> 月光胡蘿蔔×40, 稀原礦晶×15",TRUE
,琥珀寶石碎片,月光湍流穗麥麵包箱子,2,,"特化採集 -> 月光胡蘿蔔×30, 湍流穗麥×20, 紙張×20",TRUE
,,赤鐵板,2,,特化冶煉 -> 赤鐵礦×5 (70%) = 赤鐵塊 -> 赤鐵塊×10 (強化冶煉 100%) ,TRUE
佩拉火山,火山泥漿面膜,銅板,50,,銅塊*1,FALSE
,,神秘的香草粉,75,,"劇毒藥草*1,魔力藥草*1,生命藥草*1",FALSE
,岩漿石,秘銀板,30,,秘銀塊*1,FALSE
,,麥粉,45,,大麥*10,FALSE
,伊克西翁的角,人偶500藥水,30,,"黃金藥草*1,基礎藥水*1,鎳礦石碎片*1,鋅礦石碎片*1,方晶石礦石碎片*1",FALSE
,,金板,50,,金塊*1,FALSE
,火山蜥蜴的蛋,閃光紙,40,,"在雅芬釣魚獲取
敲擊路燈(卡普港口)有機會取得
合成取得：紙x10+綠色小珠子x1+藍色小珠子x1+紅色小珠子x1+銀色小珠子x1",FALSE
,,優質布料,40,,粗線團*6,FALSE
,,強化生命藥水(效果500),16,,"幸運草*1,強化生命藥水(效果300)x1,水瓶x1",FALSE
,帕斯拉黑豹皮,基因突變體,3,,"基因突變兔的腳*10, 基因突變植物的黏液*5, 大腳怪的心臟*3",FALSE
,,和諧的波斯菊香水,6,,"空瓶*1,魔法粉*10,基礎藥草*10,波斯菊萃取液*1(摩格梅爾npc購買 or 四季之森&人馬副本取得材料製作)",FALSE
,,特級木柴,9,,"優質木柴*1, 高純度強化劑*1 (分解 :擁有覺醒能量的結晶×1 最容易取得)",FALSE
,龍扇,炒稀有蘑菇箱子,2,,"特化採集 -> 黃裙竹蓀×25, 惡魔手指×25, 紙張×20",TRUE
,,白鉛板,2,,特化冶煉 -> 白鉛礦×5 (70%) = 白鉛塊 -> 白鉛塊×10 (強化冶煉 100%) ,TRUE
,火山灰藥品,野莓奶油醬汁箱子,2,,"特化採集 -> 野莓×40, 布里姆牛奶×5, 紙張×20",TRUE
,,月光齒輪,2,,"特化工學 -> 月光胡蘿蔔×40, 稀原礦晶×15",TRUE
,火之水晶球,露明糖漿,2,,"特化採集 -> 雪蓮花×25, 露明植物×25, 基礎藥草×20",TRUE
,,藍銅板,2,,特化冶煉 -> 藍銅礦×5 (70%) = 藍銅塊 -> 藍銅塊×10 (強化冶煉 100%) ,TRUE
,赤魚雕像,月光湍流穗麥麵包箱子,2,,"特化採集 -> 月光胡蘿蔔×30, 湍流穗麥×20, 紙張×20",TRUE
,,野莓奶油醬汁箱子,2,,"特化採集 -> 野莓×40, 布里姆牛奶×5, 紙張×20",TRUE
,熔岩溫度計,炒稀有蘑菇箱子,2,,"特化採集 -> 黃裙竹蓀×25, 惡魔手指×25, 紙張×20",TRUE
,,露明糖漿,2,,"特化採集 -> 雪蓮花×25, 露明植物×25, 基礎藥草×20",TRUE