位置,貿易物品,材料,總材料,備註1(技能),備註2(每一個材料的製作)
卡魯森林,木桌,鮮蝦訓練誘餌,100,料理攪拌,砂糖38%+蒜頭32%+蝦30%
,,希里原,50,魔法製造,希里原結晶*5
,木工藝品,魔法的羊皮紙,15,文具手工藝,"柔軟的羊皮紙*1(文具手工藝),魔力藥草*10,日光藥草*10"
,,粗繩,30,紡織(手紡車),粗線團*5
,石馬雕像,稀原合金,20,工學,"稀原*1,鎳礦石碎片*1,鋅礦石碎片*1,方晶石礦石碎片*1,綠寶石核心*1 or 柔軟稀原礦石碎片*15"
,,麵粉,50,堤爾克納(愛麗莎),小麥*10 or 王室料理納品書 *1 跟古魯亞斯購買(塔拉王城)
,卡魯蘑菇,旋轉齒輪,8,工學,"稀原*2,六角螺絲*5,六角螺帽*5"
,,中級木柴,40,木工,木柴*3
,,高級絲綢,32,紡織(織布機),細線團*5
,貝殼化石,能量增幅裝置,6,工學,"綠寶石核心*3,能源轉換器*3"
,,堅固之鏈,3,紡織(手紡車),繩結線*1+蘊藏黑暗的刀刃碎片*1(影子任務寶箱)
,,魔法的羽毛筆,15,文具手工藝,"有朝氣的羽毛*1(雜貨店),魔力藥草*10,黃金藥草*10"
,搖椅,塔爾汀農場黑莓汁,3,-,塔爾汀農場
,,塔爾汀農場花花洋裝,3,-,塔爾汀農場
,,塔爾汀農場強力黏著劑,3,-,塔爾汀農場
綠洲,細沙,強化耐力藥水(效果500),75,藥水製作,"幸運草*1,強化耐力藥水(效果300)x1,水瓶x1"
,,繩結線,50,紡織(手紡車),細線團*1(蜘蛛)+粗線團*1(羊毛)
,牢獄鬼魂翅膀,抱枕用棉花,15,手工藝,"高級羊毛*20(割羊取得),細線團*5"
,,優質絲綢,30,紡織(手紡車),細線團*6
,綠洲圖像,優質皮繩,10,紡織(手紡車),優質皮革*1
,,粗線,30,紡織(紡織機),細線團*5
,仙人掌花,精靈的白葡萄酒,8,藥水製作,"白色藥草*1,自然力消除*2,古代精靈的化石碎片*1(石精靈的碎石片x1+化石x2) 
石精靈的碎石片-->巴里精靈石地城 帶十字搞挖礦 通行證找->班克爾設計圖阿北"
,,銀板,16,冶煉,銀塊*1
,,高級布料,32,紡織(紡織機),粗線團*5
,巨型犬齒化石,寵物遊戲組合,3,芬恩的手工藝,"寵物喜歡的雜物*1(摩格梅爾的npc購買),木板*1"
,,乾草堆,9,手工藝,"壞掉的小麥葉*20, 優質皮繩*1"
,,凝聚魔力的木柴,15,魔法製造,"希里原*1(生態),稀原*1(礦山),中級木柴*1"
,搖椅,塔爾汀農場強化纖維,2,-,塔爾汀農場
,,塔爾汀農場黃昏魯特琴,2,-,塔爾汀農場
凱麗達營地,麥飯石雞蛋,強化魔法藥水(效果500),25,藥水製作,"幸運草×1,強化魔法藥水(效果300)×1,水瓶×1"
,,高級木柴,50,木工,中級木柴*3
,凱麗達鮭魚,能量轉換器,15,工學,"稀原*1(礦山),希里原*1(生態)"
,,淨化的兔子腳,15,魔法製造,"希里原*1(生態),基因突變的兔子腳*1"
,溫泉入浴劑,黏黏膠水,30,魔法製造,"希里原*1(生態),基因突變植物的黏液*1"
,,優質香草蠟燭,20,手工藝,"高級香草蠟燭*1, 精製的催化劑*1,  高級香草蠟燭--> 迷你香草蠟燭(醫療所)*1, 蜂蠟*1"
,大型露營帳篷,人工草皮,8,手工藝,"新鮮的草*20, 花捆*5"
,,綠寶石保險絲,8,工學,綠寶石核心*1
,,高級皮繩,40,紡織(手紡車),高級皮革*1
,粉紅鹽,秘銀鐵釘,9,冶煉,秘銀塊*20
,,弩炮專用浸毒瓦伊凡弩箭,9,手工藝,"木柴*1,瓦伊凡的爪子*1(熱氣球),劇毒藥水*1 ps:熱氣球星數(46~50)*5 其餘的上奇幻搜尋"
,,優質木柴,9,魔法製造,高級木柴*3
,溫泉水擴香,炒稀有蘑菇箱子,2,-,塔爾汀農場 - 特化採集
,,白鉛板,2,-,塔爾汀農場 - 特化採集
佩拉火山,火山泥漿面膜,銅板,50,冶煉,銅塊*1
,,神秘的香草粉,75,魔法製造,"劇毒藥草*1,魔力藥草*1,生命藥草*1"
,岩漿石,秘銀板,30,冶煉,秘銀塊*1
,,麥粉,45,堤爾克納(愛麗莎),大麥*10
,伊克西翁的角,人偶500藥水,30,藥水製作,"黃金藥草*1,基礎藥水*1,鎳礦石碎片*1,鋅礦石碎片*1,方晶石礦石碎片*1"
,,金板,50,冶煉,金塊*1
,火山蜥蜴的蛋,閃光紙,40,釣魚/合成,"在雅芬釣魚獲取
敲擊路燈(卡普港口)有機會取得
合成取得：紙x10+綠色小珠子x1+藍色小珠子x1+紅色小珠子x1+銀色小珠子x1"
,,優質布料,40,紡織(紡織機),粗線團*6
,,強化生命藥水(效果500),16,藥水製作,"幸運草*1,強化生命藥水(效果300)x1,水瓶x1"
,帕斯拉黑豹皮,基因突變體,3,魔法製造,"基因突變兔的腳*10, 基因突變植物的黏液*5, 大腳怪的心臟*3"
,,和諧的波斯菊香水,6,芬恩的手工藝,"空瓶*1,魔法粉*10,基礎藥草*10,波斯菊萃取液*1(摩格梅爾npc購買 or 四季之森&人馬副本取得材料製作)"
,,特級木柴,9,木工,"優質木柴*1, 高純度強化劑*1 (分解 :擁有覺醒能量的結晶×1 最容易取得)"
,龍扇,炒稀有蘑菇箱子,2,-,塔爾汀農場 - 特化採集
,,白鉛板,2,-,塔爾汀農場 - 特化採集